"Mutation","GoodSeal","numCellsPeak","Observed","Expected","Difference","MissingCells","PeakAdjustment","Include","MutDescription","PeakDensityNormMean"
"F1486Q",19,7,36.8,27.7,-9.1,0,NA,TRUE,"VUS",247.2
"E1225K",29,27,93.1,84.5,-8.59999999999999,0,NA,TRUE,"Control",227.8
"T1131I",25,22,88,78.9,-9.09999999999999,0,NA,TRUE,"parse",185
"WT",85,77,90.6,84.6,-6,0,NA,TRUE,"WT",100
"M923T",24,22,91.7,85.5,-6.2,0,NA,TRUE,"VUS",67.7
"L1222R",33,31,93.9,80.6,-13.3,0,NA,TRUE,"Control",56.2
"QQQ",26,17,65.4,76.3,10.9,2.834,NA,TRUE,"Control",55.7
"N406S",26,22,84.6,80.2,-4.39999999999999,0,NA,TRUE,"VUS",52.2
"Q692K",32,27,84.4,86.5,2.09999999999999,0,NA,TRUE,"Control",43.9
"G1262S",23,21,91.3,84.2,-7.09999999999999,0,NA,TRUE,"VUS",38
"R1195C",18,17,94.4,83.8,-10.6,0,NA,TRUE,"VUS",36.9
"S524Y",34,30,88.2,84.4,-3.8,0,NA,TRUE,"Control",35.7
"P656L",34,23,67.6,81.8,14.2,4.828,NA,TRUE,"Control",15.7
"T220I",38,31,81.6,80.2,-1.39999999999999,0,NA,TRUE,"Control",11.9
"S1904L",23,17,73.9,84.6,10.7,2.461,NA,TRUE,"Control",6.1
"p.Asn1379_Lys1380insValPhe",30,7,23.3,85.9,62.6,18.78,NA,TRUE,"VUS",6
"G1408R",25,4,16,85.2,69.2,17.3,NA,TRUE,"Control",4.7
"toss",27,8,29.6,5.8,-23.8,0,NA,TRUE,"toss",3.3
"G1743R",22,4,18.2,81.5,63.3,13.926,NA,TRUE,"Control",2.6
"H886Q",19,3,15.8,84,68.2,12.958,NA,TRUE,"VUS",2
"R878H",36,6,16.7,80.4,63.7,22.932,NA,TRUE,"Control",1.5
