Mutation,GoodSeal,numCellsPeak,Observed,Expected,Difference,MissingCells,PeakAdjustment,Include,MutDescription,PeakDensityNormMean
WT,92,82,89.1,84.6,-4.5,0,*,TRUE,WT,100
M923T,27,24,88.9,85.5,-3.4,0,*,TRUE,VUS,103
T1131I,29,26,89.7,78.9,-10.8,0,*,TRUE,parse,100.2
Q692K,35,30,85.7,86.5,0.8,0,*,TRUE,Control,93.3
G1262S,26,24,92.3,84.2,-8.1,0,*,TRUE,VUS,91.4
P656L,35,24,68.6,81.8,13.2,4.62,*,TRUE,Control,83.5
S524Y,37,32,86.5,84.4,-2.1,0,*,TRUE,Control,81.2
F1486Q,22,7,31.8,27.7,-4.1,0,*,TRUE,VUS,62.4
E1225K,30,28,93.3,84.5,-8.8,0,*,TRUE,Control,57.8
N406S,29,24,82.8,80.2,-2.6,0,*,TRUE,VUS,55
R1195C,20,18,90,83.8,-6.2,0,*,TRUE,VUS,48.1
T220I,42,34,81,80.2,-0.8,0,*,TRUE,Control,36.4
toss,31,10,32.3,5.8,-26.5,0,*,FALSE,toss,27.7
L1222R,37,35,94.6,80.6,-14,0,*,TRUE,Control,17.5
QQQ,30,20,66.7,76.3,9.6,0,*,TRUE,Control,11.3
S1904L,26,19,73.1,84.6,11.5,2.99,*,TRUE,Control,10.8
H886Q,22,3,13.6,84,70.4,15.488,*,TRUE,VUS,3.2
G1408R,29,4,13.8,85.2,71.4,20.706,*,TRUE,Control,2.6
p.Asn1379_Lys1380insValPhe,33,7,21.2,85.9,64.7,21.351,*,TRUE,VUS,2.4
G1743R,26,4,15.4,81.5,66.1,17.186,*,TRUE,Control,2.2
R878H,39,6,15.4,80.4,65,25.35,*,TRUE,Control,1.4